id,username,customer_name,segment,pincode_id,last_updated_at
1,AA-10315,Alex Avila,Consumer,309,2024-12-13
2,AA-10375,Allen Armold,Consumer,55,2024-12-13
3,AA-10480,Andrew Allen,Consumer,119,2024-12-13
4,AA-10645,Anna Andreadi,Consumer,542,2024-12-13
5,AB-10015,Aaron Bergman,Consumer,392,2024-12-13
6,AB-10060,Adam Bellavance,Home Office,620,2024-12-13
7,AB-10105,Adrian Barton,Consumer,217,2024-12-13
8,AB-10150,Aimee Bixby,Consumer,398,2024-12-13
9,AB-10165,Alan Barnes,Consumer,613,2024-12-13
10,AB-10255,Alejandro Ballentine,Home Office,517,2024-12-13
11,AB-10600,Ann Blume,Corporate,500,2024-12-13
12,AC-10420,Alyssa Crouse,Corporate,423,2024-12-13
13,AC-10450,Amy Cox,Consumer,377,2024-12-13
14,AC-10615,Ann Chong,Corporate,71,2024-12-13
15,AC-10660,Anna Chung,Consumer,427,2024-12-13
16,AD-10180,Alan Dominguez,Home Office,33,2024-12-13
17,AF-10870,Art Ferguson,Consumer,439,2024-12-13
18,AF-10885,Art Foster,Consumer,225,2024-12-13
19,AG-10270,Alejandro Grove,Consumer,79,2024-12-13
20,AG-10300,Aleksandra Gannaway,Corporate,578,2024-12-13
21,AG-10330,Alex Grayson,Consumer,490,2024-12-13
22,AG-10390,Allen Goldenen,Consumer,514,2024-12-13
23,AG-10495,Andrew Gjertsen,Corporate,81,2024-12-13
24,AG-10525,Andy Gerbode,Corporate,53,2024-12-13
25,AG-10675,Anna Gayman,Consumer,144,2024-12-13
26,AG-10765,Anthony Garverick,Home Office,347,2024-12-13
27,AG-10900,Arthur Gainer,Consumer,101,2024-12-13
28,AH-10030,Aaron Hawkins,Corporate,80,2024-12-13
29,AH-10075,Adam Hart,Corporate,138,2024-12-13
30,AH-10120,Adrian Hane,Home Office,410,2024-12-13
31,AH-10195,Alan Haines,Corporate,347,2024-12-13
32,AH-10210,Alan Hwang,Consumer,620,2024-12-13
33,AH-10465,Amy Hunt,Consumer,55,2024-12-13
34,AH-10585,Angele Hood,Consumer,347,2024-12-13
35,AH-10690,Anna Häberlin,Corporate,538,2024-12-13
36,AI-10855,Arianne Irving,Consumer,102,2024-12-13
37,AJ-10780,Anthony Jacobs,Corporate,493,2024-12-13
38,AJ-10795,Anthony Johnson,Corporate,545,2024-12-13
39,AJ-10945,Ashley Jarboe,Consumer,491,2024-12-13
40,AJ-10960,Astrea Jones,Consumer,540,2024-12-13
41,AM-10360,Alice McCarthy,Corporate,516,2024-12-13
42,AM-10705,Anne McFarland,Consumer,107,2024-12-13
43,AO-10810,Anthony ODonnell,Corporate,518,2024-12-13
44,AP-10720,Anne Pryor,Home Office,53,2024-12-13
45,AP-10915,Arthur Prichep,Consumer,467,2024-12-13
46,AR-10345,Alex Russell,Corporate,5,2024-12-13
47,AR-10405,Allen Rosenblatt,Corporate,8,2024-12-13
48,AR-10510,Andrew Roberts,Consumer,395,2024-12-13
49,AR-10540,Andy Reiter,Consumer,54,2024-12-13
50,AR-10570,Anemone Ratner,Consumer,144,2024-12-13
51,AR-10825,Anthony Rawles,Corporate,222,2024-12-13
52,AS-10045,Aaron Smayling,Corporate,528,2024-12-13
53,AS-10090,Adam Shillingsburg,Consumer,99,2024-12-13
54,AS-10135,Adrian Shami,Home Office,55,2024-12-13
55,AS-10225,Alan Schoenberger,Corporate,576,2024-12-13
56,AS-10240,Alan Shonely,Consumer,229,2024-12-13
57,AS-10285,Alejandro Savely,Corporate,327,2024-12-13
58,AS-10630,Ann Steele,Home Office,429,2024-12-13
59,AT-10435,Alyssa Tate,Home Office,514,2024-12-13
60,AT-10735,Annie Thurman,Consumer,52,2024-12-13
61,AW-10840,Anthony Witt,Consumer,81,2024-12-13
62,AW-10930,Arthur Wiediger,Home Office,309,2024-12-13
63,AY-10555,Andy Yotov,Corporate,541,2024-12-13
64,AZ-10750,Annie Zypern,Consumer,331,2024-12-13
65,BB-10990,Barry Blumstein,Corporate,521,2024-12-13
66,BB-11545,Brenda Bowman,Corporate,587,2024-12-13
67,BC-11125,Becky Castell,Home Office,497,2024-12-13
68,BD-11320,Bill Donatelli,Consumer,518,2024-12-13
69,BD-11500,Bradley Drucker,Consumer,578,2024-12-13
70,BD-11560,Brendan Dodson,Home Office,572,2024-12-13
71,BD-11605,Brian Dahlen,Consumer,169,2024-12-13
72,BD-11620,Brian DeCherney,Consumer,393,2024-12-13
73,BD-11635,Brian Derr,Consumer,215,2024-12-13
74,BD-11725,Bruce Degenhardt,Consumer,516,2024-12-13
75,BD-11770,Bryan Davis,Consumer,54,2024-12-13
76,BE-11335,Bill Eplett,Home Office,277,2024-12-13
77,BE-11410,Bobby Elias,Consumer,168,2024-12-13
78,BE-11455,Brad Eason,Home Office,229,2024-12-13
79,BF-10975,Barbara Fisher,Corporate,79,2024-12-13
80,BF-11005,Barry Franz,Home Office,528,2024-12-13
81,BF-11020,Barry Französisch,Corporate,594,2024-12-13
82,BF-11080,Bart Folk,Consumer,54,2024-12-13
83,BF-11170,Ben Ferrer,Home Office,5,2024-12-13
84,BF-11215,Benjamin Farhat,Home Office,410,2024-12-13
85,BF-11275,Beth Fritzler,Corporate,168,2024-12-13
86,BG-11035,Barry Gonzalez,Consumer,111,2024-12-13
87,BG-11695,Brooke Gillingham,Corporate,371,2024-12-13
88,BG-11740,Bruce Geld,Consumer,568,2024-12-13
89,BH-11710,Brosina Hoffman,Consumer,208,2024-12-13
90,BK-11260,Berenike Kampe,Consumer,577,2024-12-13
91,BM-11140,Becky Martin,Consumer,566,2024-12-13
92,BM-11575,Brendan Murry,Corporate,518,2024-12-13
93,BM-11650,Brian Moss,Corporate,292,2024-12-13
94,BM-11785,Bryan Mills,Consumer,98,2024-12-13
95,BN-11470,Brad Norvell,Corporate,581,2024-12-13
96,BN-11515,Bradley Nguyen,Consumer,519,2024-12-13
97,BO-11350,Bill Overfelt,Corporate,304,2024-12-13
98,BO-11425,Bobby Odegard,Consumer,212,2024-12-13
99,BP-11050,Barry Pond,Corporate,18,2024-12-13
100,BP-11095,Bart Pistole,Corporate,54,2024-12-13
101,BP-11155,Becky Pak,Consumer,53,2024-12-13
102,BP-11185,Ben Peterman,Corporate,563,2024-12-13
103,BP-11230,Benjamin Patterson,Consumer,629,2024-12-13
104,BP-11290,Beth Paige,Consumer,222,2024-12-13
105,BS-11365,Bill Shonely,Corporate,392,2024-12-13
106,BS-11380,Bill Stewart,Corporate,464,2024-12-13
107,BS-11590,Brendan Sweed,Corporate,210,2024-12-13
108,BS-11665,Brian Stugart,Consumer,347,2024-12-13
109,BS-11755,Bruce Stewart,Consumer,614,2024-12-13
110,BS-11800,Bryan Spruell,Home Office,53,2024-12-13
111,BT-11305,Beth Thompson,Home Office,555,2024-12-13
112,BT-11395,Bill Tyler,Corporate,514,2024-12-13
113,BT-11440,Bobby Trafton,Consumer,338,2024-12-13
114,BT-11485,Brad Thomas,Home Office,81,2024-12-13
115,BT-11530,Bradley Talbott,Home Office,519,2024-12-13
116,BT-11680,Brian Thompson,Consumer,170,2024-12-13
117,BV-11245,Benjamin Venier,Corporate,280,2024-12-13
118,BW-11065,Barry Weirich,Consumer,79,2024-12-13
119,BW-11110,Bart Watters,Corporate,629,2024-12-13
120,BW-11200,Ben Wallace,Consumer,516,2024-12-13
121,CA-11965,Carol Adams,Corporate,230,2024-12-13
122,CA-12055,Cathy Armstrong,Home Office,229,2024-12-13
123,CA-12265,Christina Anderson,Consumer,198,2024-12-13
124,CA-12310,Christine Abelman,Corporate,563,2024-12-13
125,CA-12775,Cynthia Arntzen,Consumer,267,2024-12-13
126,CB-12025,Cassandra Brandow,Consumer,185,2024-12-13
127,CB-12415,Christy Brittain,Consumer,346,2024-12-13
128,CB-12535,Claudia Bergmann,Corporate,113,2024-12-13
129,CC-12100,Chad Cunningham,Home Office,252,2024-12-13
130,CC-12145,Charles Crestani,Consumer,425,2024-12-13
131,CC-12220,Chris Cortes,Consumer,33,2024-12-13
132,CC-12370,Christopher Conant,Consumer,53,2024-12-13
133,CC-12430,Chuck Clark,Home Office,252,2024-12-13
134,CC-12475,Cindy Chapman,Consumer,82,2024-12-13
135,CC-12550,Clay Cheatham,Consumer,400,2024-12-13
136,CC-12610,Corey Catlett,Corporate,222,2024-12-13
137,CC-12670,Craig Carreira,Consumer,52,2024-12-13
138,CC-12685,Craig Carroll,Consumer,452,2024-12-13
139,CD-11920,Carlos Daly,Consumer,55,2024-12-13
140,CD-11980,Carol Darley,Consumer,53,2024-12-13
141,CD-12280,Christina DeMoss,Consumer,620,2024-12-13
142,CD-12790,Cynthia Delaney,Home Office,30,2024-12-13
143,CG-12040,Catherine Glotzbach,Home Office,292,2024-12-13
144,CG-12520,Claire Gute,Consumer,424,2024-12-13
145,CH-12070,Cathy Hwang,Home Office,115,2024-12-13
146,CJ-11875,Carl Jackson,Corporate,81,2024-12-13
147,CJ-12010,Caroline Jumper,Consumer,557,2024-12-13
148,CK-12205,Chloris Kastensmidt,Consumer,618,2024-12-13
149,CK-12325,Christine Kargatis,Home Office,619,2024-12-13
150,CK-12595,Clytie Kelty,Consumer,122,2024-12-13
151,CK-12760,Cyma Kinney,Corporate,343,2024-12-13
152,CL-11890,Carl Ludwig,Consumer,11,2024-12-13
153,CL-12565,Clay Ludtke,Consumer,395,2024-12-13
154,CL-12700,Craig Leslie,Home Office,213,2024-12-13
155,CM-11815,Candace McMahon,Corporate,621,2024-12-13
156,CM-11935,Carlos Meador,Consumer,123,2024-12-13
157,CM-12115,Chad McGuire,Consumer,515,2024-12-13
158,CM-12160,Charles McCrossin,Consumer,80,2024-12-13
159,CM-12190,Charlotte Melton,Consumer,311,2024-12-13
160,CM-12235,Chris McAfee,Consumer,68,2024-12-13
161,CM-12385,Christopher Martinez,Consumer,346,2024-12-13
162,CM-12445,Chuck Magee,Consumer,425,2024-12-13
163,CM-12655,Corinna Mitchell,Home Office,621,2024-12-13
164,CM-12715,Craig Molinari,Corporate,424,2024-12-13
165,Co-12640,Corey-Lock,Consumer,132,2024-12-13
166,CP-12085,Cathy Prescott,Corporate,230,2024-12-13
167,CP-12340,Christine Phan,Corporate,52,2024-12-13
168,CR-12580,Clay Rozendal,Home Office,540,2024-12-13
169,CR-12625,Corey Roper,Home Office,144,2024-12-13
170,CR-12730,Craig Reiter,Consumer,52,2024-12-13
171,CR-12820,Cyra Reiten,Home Office,55,2024-12-13
172,CS-11845,Cari Sayre,Corporate,619,2024-12-13
173,CS-11860,Cari Schnelling,Consumer,54,2024-12-13
174,CS-11950,Carlos Soltero,Consumer,54,2024-12-13
175,CS-12130,Chad Sievert,Consumer,461,2024-12-13
176,CS-12175,Charles Sheldon,Corporate,578,2024-12-13
177,CS-12250,Chris Selesnick,Corporate,516,2024-12-13
178,CS-12355,Christine Sundaresam,Consumer,377,2024-12-13
179,CS-12400,Christopher Schild,Home Office,317,2024-12-13
180,CS-12460,Chuck Sachs,Consumer,52,2024-12-13
181,CS-12490,Cindy Schnelling,Corporate,426,2024-12-13
182,CS-12505,Cindy Stewart,Consumer,517,2024-12-13
183,CT-11995,Carol Triggs,Consumer,311,2024-12-13
184,CV-12295,Christina VanderZanden,Consumer,269,2024-12-13
185,CV-12805,Cynthia Voltz,Corporate,55,2024-12-13
186,CW-11905,Carl Weiss,Home Office,18,2024-12-13
187,CY-12745,Craig Yedwab,Corporate,346,2024-12-13
188,DA-13450,Dianna Arnett,Home Office,87,2024-12-13
189,DB-12910,Daniel Byrd,Home Office,573,2024-12-13
190,DB-12970,Darren Budd,Corporate,514,2024-12-13
191,DB-13060,Dave Brooks,Consumer,329,2024-12-13
192,DB-13120,David Bremer,Corporate,589,2024-12-13
193,DB-13210,Dean Braden,Consumer,43,2024-12-13
194,DB-13270,Deborah Brumfield,Home Office,581,2024-12-13
195,DB-13360,Dennis Bolton,Home Office,31,2024-12-13
196,DB-13405,Denny Blanton,Consumer,246,2024-12-13
197,DB-13555,Dorothy Badders,Corporate,115,2024-12-13
198,DB-13615,Doug Bickford,Consumer,127,2024-12-13
199,DB-13660,Duane Benoit,Consumer,62,2024-12-13
200,DC-12850,Dan Campbell,Consumer,257,2024-12-13
201,DC-13285,Debra Catini,Consumer,101,2024-12-13
202,DD-13570,Dorothy Dickinson,Consumer,97,2024-12-13
203,DE-13255,Deanra Eno,Home Office,241,2024-12-13
204,DF-13135,David Flashing,Consumer,350,2024-12-13
205,DG-13300,Deirdre Greer,Corporate,55,2024-12-13
206,DH-13075,Dave Hallsten,Corporate,584,2024-12-13
207,DH-13675,Duane Huffman,Home Office,98,2024-12-13
208,DJ-13420,Denny Joy,Corporate,292,2024-12-13
209,DJ-13510,Don Jones,Corporate,494,2024-12-13
210,DJ-13630,Doug Jacobs,Consumer,52,2024-12-13
211,DK-12835,Damala Kotsonis,Corporate,269,2024-12-13
212,DK-12895,Dana Kaydos,Consumer,159,2024-12-13
213,DK-12985,Darren Koutras,Consumer,193,2024-12-13
214,DK-13090,Dave Kipp,Consumer,61,2024-12-13
215,DK-13150,David Kendrick,Corporate,52,2024-12-13
216,DK-13225,Dean Katz,Corporate,71,2024-12-13
217,DK-13375,Dennis Kane,Consumer,453,2024-12-13
218,DL-12865,Dan Lawera,Consumer,166,2024-12-13
219,DL-12925,Daniel Lacy,Consumer,305,2024-12-13
220,DL-13315,Delfina Latchford,Consumer,55,2024-12-13
221,DL-13330,Denise Leinenbach,Consumer,506,2024-12-13
222,DL-13495,Dionis Lloyd,Corporate,529,2024-12-13
223,Dl-13600,Dorris liebe,Corporate,229,2024-12-13
224,DM-12955,Dario Medina,Corporate,197,2024-12-13
225,DM-13015,Darrin Martin,Consumer,82,2024-12-13
226,DM-13345,Denise Monton,Corporate,576,2024-12-13
227,DM-13525,Don Miller,Corporate,424,2024-12-13
228,DN-13690,Duane Noonan,Consumer,395,2024-12-13
229,DO-13435,Denny Ordway,Consumer,485,2024-12-13
230,DO-13645,Doug OConnell,Consumer,43,2024-12-13
231,DP-13000,Darren Powers,Consumer,346,2024-12-13
232,DP-13105,Dave Poirier,Corporate,477,2024-12-13
233,DP-13165,David Philippe,Consumer,346,2024-12-13
234,Dp-13240,Dean percer,Home Office,122,2024-12-13
235,DP-13390,Dennis Pardue,Home Office,184,2024-12-13
236,DR-12880,Dan Reichenbach,Corporate,219,2024-12-13
237,DR-12940,Daniel Raglin,Home Office,158,2024-12-13
238,DS-13030,Darrin Sayre,Home Office,457,2024-12-13
239,DS-13180,David Smith,Corporate,441,2024-12-13
240,DV-13045,Darrin Van Huff,Corporate,149,2024-12-13
241,DV-13465,Dianna Vittorini,Consumer,464,2024-12-13
242,DW-13195,David Wiener,Corporate,611,2024-12-13
243,DW-13480,Dianna Wilson,Home Office,210,2024-12-13
244,DW-13540,Don Weiss,Consumer,620,2024-12-13
245,DW-13585,Dorothy Wardle,Corporate,41,2024-12-13
246,EA-14035,Erin Ashbrook,Corporate,80,2024-12-13
247,EB-13705,Ed Braxton,Corporate,54,2024-12-13
248,EB-13750,Edward Becker,Corporate,559,2024-12-13
249,EB-13840,Ellis Ballard,Corporate,620,2024-12-13
250,EB-13870,Emily Burns,Consumer,82,2024-12-13
251,EB-13930,Eric Barreto,Consumer,348,2024-12-13
252,EB-13975,Erica Bern,Corporate,584,2024-12-13
253,EB-14110,Eugene Barchas,Consumer,80,2024-12-13
254,EB-14170,Evan Bailliet,Consumer,124,2024-12-13
255,EC-14050,Erin Creighton,Consumer,392,2024-12-13
256,ED-13885,Emily Ducich,Home Office,425,2024-12-13
257,EG-13900,Emily Grady,Consumer,81,2024-12-13
258,EH-13765,Edward Hooks,Corporate,68,2024-12-13
259,EH-13945,Eric Hoffmann,Consumer,202,2024-12-13
260,EH-13990,Erica Hackney,Consumer,423,2024-12-13
261,EH-14005,Erica Hernandez,Home Office,197,2024-12-13
262,EH-14125,Eugene Hildebrand,Home Office,170,2024-12-13
263,EH-14185,Evan Henry,Consumer,82,2024-12-13
264,EJ-13720,Ed Jacobs,Consumer,515,2024-12-13
265,EJ-14155,Eva Jacobs,Consumer,620,2024-12-13
266,EK-13795,Eileen Kiefer,Home Office,539,2024-12-13
267,EL-13735,Ed Ludwig,Home Office,92,2024-12-13
268,EM-13810,Eleni McCrary,Corporate,8,2024-12-13
269,EM-13825,Elizabeth Moffitt,Corporate,407,2024-12-13
270,EM-13960,Eric Murdock,Consumer,576,2024-12-13
271,EM-14065,Erin Mull,Consumer,52,2024-12-13
272,EM-14095,Eudokia Martin,Corporate,54,2024-12-13
273,EM-14140,Eugene Moren,Home Office,495,2024-12-13
274,EM-14200,Evan Minnotte,Home Office,410,2024-12-13
275,EN-13780,Edward Nazzal,Consumer,411,2024-12-13
276,EP-13915,Emily Phan,Consumer,515,2024-12-13
277,ER-13855,Elpida Rittenbach,Corporate,122,2024-12-13
278,ES-14020,Erica Smith,Consumer,204,2024-12-13
279,ES-14080,Erin Smith,Corporate,230,2024-12-13
280,FA-14230,Frank Atkinson,Corporate,515,2024-12-13
281,FC-14245,Frank Carlisle,Home Office,230,2024-12-13
282,FC-14335,Fred Chung,Corporate,409,2024-12-13
283,FG-14260,Frank Gastineau,Home Office,52,2024-12-13
284,FH-14275,Frank Hawley,Corporate,79,2024-12-13
285,FH-14350,Fred Harton,Consumer,218,2024-12-13
286,FH-14365,Fred Hopkins,Corporate,515,2024-12-13
287,FM-14215,Filia McAdams,Corporate,28,2024-12-13
288,FM-14290,Frank Merwin,Home Office,212,2024-12-13
289,FM-14380,Fred McMath,Consumer,125,2024-12-13
290,FO-14305,Frank Olsen,Consumer,424,2024-12-13
291,FP-14320,Frank Preis,Consumer,515,2024-12-13
292,FW-14395,Fred Wasserman,Corporate,516,2024-12-13
293,GA-14515,George Ashbrook,Consumer,514,2024-12-13
294,GA-14725,Guy Armstrong,Consumer,407,2024-12-13
295,GB-14530,George Bell,Corporate,65,2024-12-13
296,GB-14575,Giulietta Baptist,Consumer,96,2024-12-13
297,GD-14590,Giulietta Dortch,Corporate,623,2024-12-13
298,GG-14650,Greg Guthrie,Corporate,619,2024-12-13
299,GH-14410,Gary Hansen,Home Office,498,2024-12-13
300,GH-14425,Gary Hwang,Consumer,594,2024-12-13
301,GH-14485,Gene Hale,Corporate,406,2024-12-13
302,GH-14665,Greg Hansen,Consumer,448,2024-12-13
303,GK-14620,Grace Kelly,Corporate,400,2024-12-13
304,GM-14440,Gary McGarr,Consumer,52,2024-12-13
305,GM-14455,Gary Mitchum,Home Office,348,2024-12-13
306,GM-14500,Gene McClure,Consumer,619,2024-12-13
307,GM-14680,Greg Matthias,Consumer,80,2024-12-13
308,GM-14695,Greg Maxwell,Corporate,517,2024-12-13
309,GP-14740,Guy Phonely,Corporate,2,2024-12-13
310,GR-14560,Georgia Rosenberg,Corporate,577,2024-12-13
311,GT-14635,Grant Thornton,Corporate,109,2024-12-13
312,GT-14710,Greg Tran,Consumer,424,2024-12-13
313,GT-14755,Guy Thornton,Consumer,350,2024-12-13
314,GW-14605,Giulietta Weimer,Consumer,81,2024-12-13
315,GZ-14470,Gary Zandusky,Consumer,576,2024-12-13
316,GZ-14545,George Zrebassa,Corporate,517,2024-12-13
317,HA-14905,Helen Abelman,Consumer,467,2024-12-13
318,HA-14920,Helen Andreada,Consumer,79,2024-12-13
319,HD-14785,Harold Dahlen,Home Office,9,2024-12-13
320,HE-14800,Harold Engle,Corporate,292,2024-12-13
321,HF-14995,Herbert Flentye,Consumer,244,2024-12-13
322,HG-14845,Harry Greene,Consumer,411,2024-12-13
323,HG-14965,Henry Goldwyn,Corporate,348,2024-12-13
324,HG-15025,Hunter Glantz,Consumer,62,2024-12-13
325,HH-15010,Hilary Holden,Corporate,577,2024-12-13
326,HJ-14875,Heather Jas,Home Office,269,2024-12-13
327,HK-14890,Heather Kirkland,Corporate,573,2024-12-13
328,HL-15040,Hunter Lopez,Consumer,84,2024-12-13
329,HM-14860,Harry Marie,Corporate,619,2024-12-13
330,HM-14980,Henry MacAllister,Consumer,620,2024-12-13
331,HP-14815,Harold Pawlan,Home Office,54,2024-12-13
332,HR-14770,Hallie Redmond,Home Office,518,2024-12-13
333,HR-14830,Harold Ryan,Corporate,557,2024-12-13
334,HW-14935,Helen Wasserman,Corporate,348,2024-12-13
335,HZ-14950,Henia Zydlo,Consumer,170,2024-12-13
336,IG-15085,Ivan Gibson,Consumer,385,2024-12-13
337,IL-15100,Ivan Liston,Consumer,252,2024-12-13
338,IM-15055,Ionia McGrath,Consumer,597,2024-12-13
339,IM-15070,Irene Maddox,Consumer,619,2024-12-13
340,JA-15970,Joseph Airdo,Consumer,56,2024-12-13
341,JB-15400,Jennifer Braxton,Corporate,350,2024-12-13
342,JB-15925,Joni Blumstein,Consumer,218,2024-12-13
343,JB-16000,Joy Bell-,Consumer,444,2024-12-13
344,JB-16045,Julia Barnett,Home Office,32,2024-12-13
345,JC-15340,Jasper Cacioppo,Consumer,516,2024-12-13
346,JC-15385,Jenna Caffey,Consumer,615,2024-12-13
347,JC-15775,John Castell,Consumer,82,2024-12-13
348,JC-16105,Julie Creighton,Corporate,138,2024-12-13
349,JD-15790,John Dryer,Consumer,399,2024-12-13
350,JD-15895,Jonathan Doherty,Corporate,101,2024-12-13
351,JD-16015,Joy Daniels,Consumer,225,2024-12-13
352,JD-16060,Julia Dunbar,Consumer,311,2024-12-13
353,JD-16150,Justin Deggeller,Corporate,53,2024-12-13
354,JE-15475,Jeremy Ellison,Consumer,58,2024-12-13
355,JE-15610,Jim Epp,Corporate,517,2024-12-13
356,JE-15715,Joe Elijah,Consumer,519,2024-12-13
357,JE-15745,Joel Eaton,Consumer,541,2024-12-13
358,JE-16165,Justin Ellison,Corporate,129,2024-12-13
359,JF-15190,Jamie Frazer,Consumer,80,2024-12-13
360,JF-15295,Jason Fortune-,Consumer,400,2024-12-13
361,JF-15355,Jay Fein,Consumer,450,2024-12-13
362,JF-15415,Jennifer Ferguson,Consumer,54,2024-12-13
363,JF-15490,Jeremy Farry,Consumer,494,2024-12-13
364,JF-15565,Jill Fjeld,Consumer,123,2024-12-13
365,JG-15115,Jack Garza,Consumer,125,2024-12-13
366,JG-15160,James Galang,Consumer,519,2024-12-13
367,JG-15310,Jason Gross,Corporate,527,2024-12-13
368,JG-15805,John Grady,Corporate,65,2024-12-13
369,JH-15430,Jennifer Halladay,Consumer,157,2024-12-13
370,JH-15820,John Huston,Consumer,346,2024-12-13
371,JH-15910,Jonathan Howell,Consumer,347,2024-12-13
372,JH-15985,Joseph Holt,Consumer,273,2024-12-13
373,JH-16180,Justin Hirsh,Consumer,603,2024-12-13
374,JJ-15445,Jennifer Jackson,Consumer,291,2024-12-13
375,JJ-15760,Joel Jenkins,Home Office,422,2024-12-13
376,JK-15205,Jamie Kunitz,Consumer,578,2024-12-13
377,JK-15325,Jason Klamczynski,Corporate,516,2024-12-13
378,JK-15370,Jay Kimmel,Consumer,572,2024-12-13
379,JK-15625,Jim Karlsson,Consumer,621,2024-12-13
380,JK-15640,Jim Kriz,Home Office,620,2024-12-13
381,JK-15730,Joe Kamberova,Consumer,422,2024-12-13
382,JK-16090,Juliana Krohn,Consumer,373,2024-12-13
383,JK-16120,Julie Kriz,Home Office,402,2024-12-13
384,JL-15130,Jack Lebron,Consumer,204,2024-12-13
385,JL-15175,James Lanier,Home Office,491,2024-12-13
386,JL-15235,Janet Lee,Consumer,519,2024-12-13
387,JL-15505,Jeremy Lonsdale,Consumer,315,2024-12-13
388,JL-15835,John Lee,Consumer,212,2024-12-13
389,JL-15850,John Lucas,Consumer,80,2024-12-13
390,JM-15250,Janet Martin,Consumer,122,2024-12-13
391,JM-15265,Janet Molinari,Corporate,266,2024-12-13
392,JM-15535,Jessica Myrick,Consumer,53,2024-12-13
393,JM-15580,Jill Matthias,Consumer,468,2024-12-13
394,JM-15655,Jim Mitchum,Corporate,508,2024-12-13
395,JM-15865,John Murray,Consumer,517,2024-12-13
396,JM-16195,Justin MacKendrick,Consumer,124,2024-12-13
397,JO-15145,Jack OBriant,Corporate,619,2024-12-13
398,JO-15280,Jas OCarroll,Consumer,202,2024-12-13
399,JO-15550,Jesus Ocampo,Home Office,373,2024-12-13
400,JP-15460,Jennifer Patt,Corporate,411,2024-12-13
401,JP-15520,Jeremy Pistek,Consumer,146,2024-12-13
402,JP-16135,Julie Prescott,Home Office,144,2024-12-13
403,JR-15670,Jim Radford,Consumer,28,2024-12-13
404,JR-15700,Jocasta Rupert,Consumer,149,2024-12-13
405,JR-16210,Justin Ritter,Corporate,252,2024-12-13
406,JS-15595,Jill Stevenson,Corporate,348,2024-12-13
407,JS-15685,Jim Sink,Corporate,159,2024-12-13
408,JS-15880,John Stevenson,Consumer,405,2024-12-13
409,JS-15940,Joni Sundaresam,Home Office,221,2024-12-13
410,JS-16030,Joy Smith,Consumer,422,2024-12-13
411,JW-15220,Jane Waco,Corporate,230,2024-12-13
412,JW-15955,Joni Wasserman,Consumer,210,2024-12-13
413,JW-16075,Julia West,Consumer,576,2024-12-13
414,KA-16525,Kelly Andreada,Consumer,55,2024-12-13
415,KB-16240,Karen Bern,Corporate,454,2024-12-13
416,KB-16315,Karl Braun,Consumer,515,2024-12-13
417,KB-16405,Katrina Bavinger,Home Office,545,2024-12-13
418,KB-16585,Ken Black,Corporate,619,2024-12-13
419,KB-16600,Ken Brennan,Corporate,279,2024-12-13
420,KC-16255,Karen Carlisle,Corporate,187,2024-12-13
421,KC-16540,Kelly Collister,Consumer,219,2024-12-13
422,KC-16675,Kimberly Carter,Corporate,620,2024-12-13
423,KD-16270,Karen Daniels,Consumer,54,2024-12-13
424,KD-16345,Katherine Ducich,Consumer,560,2024-12-13
425,KD-16495,Keith Dawkins,Corporate,517,2024-12-13
426,KD-16615,Ken Dana,Corporate,516,2024-12-13
427,KE-16420,Katrina Edelman,Corporate,80,2024-12-13
428,KF-16285,Karen Ferguson,Home Office,139,2024-12-13
429,KH-16330,Katharine Harms,Corporate,55,2024-12-13
430,KH-16360,Katherine Hughes,Consumer,210,2024-12-13
431,KH-16510,Keith Herrera,Consumer,577,2024-12-13
432,KH-16630,Ken Heidel,Corporate,620,2024-12-13
433,KH-16690,Kristen Hastings,Corporate,577,2024-12-13
434,KL-16555,Kelly Lampkin,Corporate,387,2024-12-13
435,KL-16645,Ken Lonsdale,Consumer,585,2024-12-13
436,KM-16225,Kalyca Meade,Corporate,575,2024-12-13
437,KM-16375,Katherine Murray,Home Office,389,2024-12-13
438,KM-16660,Khloe Miller,Consumer,521,2024-12-13
439,KM-16720,Kunst Miller,Consumer,6,2024-12-13
440,KN-16390,Katherine Nockton,Corporate,14,2024-12-13
441,KN-16450,Kean Nguyen,Corporate,93,2024-12-13
442,KN-16705,Kristina Nunn,Home Office,467,2024-12-13
443,KS-16300,Karen Seio,Corporate,115,2024-12-13
444,KT-16465,Kean Takahito,Consumer,576,2024-12-13
445,KT-16480,Kean Thornton,Consumer,144,2024-12-13
446,KW-16435,Katrina Willman,Consumer,52,2024-12-13
447,KW-16570,Kelly Williams,Consumer,576,2024-12-13
448,LA-16780,Laura Armstrong,Corporate,450,2024-12-13
449,LB-16735,Larry Blacks,Consumer,150,2024-12-13
450,LB-16795,Laurel Beltran,Home Office,85,2024-12-13
451,LC-16870,Lena Cacioppo,Consumer,465,2024-12-13
452,LC-16885,Lena Creighton,Consumer,400,2024-12-13
453,LC-16930,Linda Cazamias,Corporate,421,2024-12-13
454,LC-16960,Lindsay Castell,Home Office,96,2024-12-13
455,LC-17050,Liz Carlisle,Consumer,410,2024-12-13
456,LC-17140,Logan Currie,Consumer,578,2024-12-13
457,LD-16855,Lela Donovan,Corporate,348,2024-12-13
458,LD-17005,Lisa DeCherney,Consumer,269,2024-12-13
459,LE-16810,Laurel Elliston,Consumer,523,2024-12-13
460,LF-17185,Luke Foster,Consumer,521,2024-12-13
461,LH-16750,Larry Hughes,Consumer,122,2024-12-13
462,LH-16900,Lena Hernandez,Consumer,328,2024-12-13
463,LH-17020,Lisa Hazard,Consumer,460,2024-12-13
464,LH-17155,Logan Haushalter,Consumer,576,2024-12-13
465,LL-16840,Lauren Leatherbury,Consumer,516,2024-12-13
466,LM-17065,Liz MacKendrick,Consumer,65,2024-12-13
467,LO-17170,Lori Olson,Corporate,351,2024-12-13
468,LP-17080,Liz Pelletier,Consumer,577,2024-12-13
469,LP-17095,Liz Preis,Consumer,256,2024-12-13
470,LR-16915,Lena Radford,Consumer,197,2024-12-13
471,LR-17035,Lisa Ryan,Corporate,576,2024-12-13
472,LS-16945,Linda Southworth,Corporate,411,2024-12-13
473,LS-16975,Lindsay Shagiari,Home Office,373,2024-12-13
474,LS-17200,Luke Schmidt,Corporate,320,2024-12-13
475,LS-17230,Lycoris Saunders,Consumer,86,2024-12-13
476,LS-17245,Lynn Smith,Consumer,363,2024-12-13
477,LT-16765,Larry Tron,Consumer,237,2024-12-13
478,LT-17110,Liz Thompson,Consumer,222,2024-12-13
479,LW-16825,Laurel Workman,Corporate,429,2024-12-13
480,LW-16990,Lindsay Williams,Corporate,576,2024-12-13
481,LW-17125,Liz Willingham,Consumer,26,2024-12-13
482,LW-17215,Luke Weiss,Consumer,279,2024-12-13
483,MA-17560,Matt Abelman,Home Office,346,2024-12-13
484,MA-17995,Michelle Arnett,Home Office,68,2024-12-13
485,MB-17305,Maria Bertelson,Consumer,627,2024-12-13
486,MB-18085,Mick Brown,Consumer,597,2024-12-13
487,MC-17275,Marc Crier,Consumer,564,2024-12-13
488,MC-17425,Mark Cousins,Corporate,189,2024-12-13
489,MC-17575,Matt Collins,Consumer,123,2024-12-13
490,MC-17590,Matt Collister,Corporate,543,2024-12-13
491,MC-17605,Matt Connell,Corporate,516,2024-12-13
492,MC-17635,Matthew Clasen,Corporate,357,2024-12-13
493,MC-17845,Michael Chen,Consumer,55,2024-12-13
494,MC-18100,Mick Crebagga,Consumer,519,2024-12-13
495,MC-18130,Mike Caudle,Corporate,514,2024-12-13
496,MD-17350,Maribeth Dona,Consumer,235,2024-12-13
497,MD-17860,Michael Dominguez,Corporate,127,2024-12-13
498,ME-17320,Maria Etezadi,Home Office,273,2024-12-13
499,ME-17725,Max Engle,Consumer,107,2024-12-13
500,ME-18010,Michelle Ellison,Corporate,223,2024-12-13
501,MF-17665,Maureen Fritzler,Corporate,169,2024-12-13
502,MF-18250,Monica Federle,Corporate,385,2024-12-13
503,MG-17650,Matthew Grinstein,Home Office,223,2024-12-13
504,MG-17680,Maureen Gastineau,Home Office,228,2024-12-13
505,MG-17695,Maureen Gnade,Consumer,69,2024-12-13
506,MG-17875,Michael Grace,Home Office,170,2024-12-13
507,MG-17890,Michael Granlund,Home Office,20,2024-12-13
508,MG-18145,Mike Gockenbach,Consumer,518,2024-12-13
509,MG-18205,Mitch Gastineau,Corporate,149,2024-12-13
510,MH-17290,Marc Harrigan,Home Office,515,2024-12-13
511,MH-17440,Mark Haberlin,Corporate,55,2024-12-13
512,MH-17455,Mark Hamilton,Consumer,347,2024-12-13
513,MH-17620,Matt Hagelstein,Corporate,577,2024-12-13
514,MH-17785,Maya Herman,Corporate,452,2024-12-13
515,MH-18025,Michelle Huthwaite,Consumer,201,2024-12-13
516,MH-18115,Mick Hernandez,Home Office,187,2024-12-13
517,MJ-17740,Max Jones,Consumer,81,2024-12-13
518,MK-17905,Michael Kennedy,Corporate,169,2024-12-13
519,MK-18160,Mike Kennedy,Consumer,105,2024-12-13
520,ML-17395,Marina Lichtenstein,Corporate,80,2024-12-13
521,ML-17410,Maris LaWare,Consumer,82,2024-12-13
522,ML-17755,Max Ludwig,Home Office,591,2024-12-13
523,ML-18040,Michelle Lonsdale,Corporate,502,2024-12-13
524,ML-18265,Muhammed Lee,Consumer,619,2024-12-13
525,MM-17260,Magdelene Morse,Consumer,85,2024-12-13
526,MM-17920,Michael Moore,Consumer,439,2024-12-13
527,MM-18055,Michelle Moray,Consumer,621,2024-12-13
528,MM-18280,Muhammed MacIntyre,Corporate,52,2024-12-13
529,MN-17935,Michael Nguyen,Consumer,52,2024-12-13
530,MO-17500,Mary ORourke,Consumer,347,2024-12-13
531,MO-17800,Meg OConnel,Home Office,135,2024-12-13
532,MO-17950,Michael Oakman,Consumer,125,2024-12-13
533,MP-17470,Mark Packer,Home Office,222,2024-12-13
534,MP-17965,Michael Paige,Corporate,5,2024-12-13
535,MP-18175,Mike Pelletier,Home Office,538,2024-12-13
536,MR-17545,Mathew Reese,Home Office,54,2024-12-13
537,MS-17365,Maribeth Schnelling,Consumer,577,2024-12-13
538,MS-17530,MaryBeth Skach,Consumer,620,2024-12-13
539,MS-17710,Maurice Satty,Consumer,490,2024-12-13
540,MS-17770,Maxwell Schwartz,Consumer,576,2024-12-13
541,MS-17830,Melanie Seite,Consumer,93,2024-12-13
542,MS-17980,Michael Stewart,Corporate,80,2024-12-13
543,MT-17815,Meg Tillman,Consumer,52,2024-12-13
544,MT-18070,Michelle Tran,Home Office,518,2024-12-13
545,MV-17485,Mark Van Huff,Consumer,423,2024-12-13
546,MV-18190,Mike Vittorini,Consumer,52,2024-12-13
547,MW-18220,Mitch Webber,Consumer,619,2024-12-13
548,MW-18235,Mitch Willingham,Corporate,578,2024-12-13
549,MY-17380,Maribeth Yedwab,Corporate,441,2024-12-13
550,MY-18295,Muhammed Yedwab,Corporate,116,2024-12-13
551,MZ-17335,Maria Zettner,Home Office,576,2024-12-13
552,MZ-17515,Mary Zewe,Corporate,53,2024-12-13
553,NB-18580,Nicole Brennan,Corporate,379,2024-12-13
554,NB-18655,Nona Balk,Corporate,43,2024-12-13
555,NC-18340,Nat Carroll,Consumer,317,2024-12-13
556,NC-18415,Nathan Cano,Consumer,425,2024-12-13
557,NC-18535,Nick Crebassa,Corporate,14,2024-12-13
558,NC-18625,Noah Childs,Corporate,410,2024-12-13
559,ND-18370,Natalie DeCherney,Consumer,149,2024-12-13
560,ND-18460,Neil Ducich,Corporate,56,2024-12-13
561,NF-18385,Natalie Fritzler,Consumer,108,2024-12-13
562,NF-18475,Neil Französisch,Home Office,350,2024-12-13
563,NF-18595,Nicole Fjeld,Home Office,346,2024-12-13
564,NG-18355,Nat Gilpin,Corporate,219,2024-12-13
565,NG-18430,Nathan Gelder,Consumer,450,2024-12-13
566,NH-18610,Nicole Hansen,Corporate,533,2024-12-13
567,NK-18490,Neil Knudson,Home Office,153,2024-12-13
568,NL-18310,Nancy Lomonaco,Home Office,583,2024-12-13
569,NM-18445,Nathan Mautz,Home Office,53,2024-12-13
570,NM-18520,Neoma Murray,Consumer,25,2024-12-13
571,NP-18325,Naresj Patel,Consumer,538,2024-12-13
572,NP-18670,Nora Paige,Consumer,358,2024-12-13
573,NP-18685,Nora Pelletier,Home Office,70,2024-12-13
574,NP-18700,Nora Preis,Consumer,576,2024-12-13
575,NR-18550,Nick Radford,Consumer,160,2024-12-13
576,NS-18505,Neola Schneider,Consumer,411,2024-12-13
577,NS-18640,Noel Staavos,Corporate,346,2024-12-13
578,NW-18400,Natalie Webber,Consumer,282,2024-12-13
579,NZ-18565,Nick Zandusky,Home Office,477,2024-12-13
580,ON-18715,Odella Nelson,Corporate,109,2024-12-13
581,OT-18730,Olvera Toch,Consumer,104,2024-12-13
582,PA-19060,Pete Armstrong,Home Office,411,2024-12-13
583,PB-18805,Patrick Bzostek,Home Office,621,2024-12-13
584,PB-19105,Peter Bühler,Consumer,81,2024-12-13
585,PB-19150,Philip Brown,Consumer,621,2024-12-13
586,PB-19210,Phillip Breyer,Corporate,395,2024-12-13
587,PC-18745,Pamela Coakley,Corporate,468,2024-12-13
588,PC-19000,Pauline Chand,Home Office,514,2024-12-13
589,PF-19120,Peter Fuller,Consumer,55,2024-12-13
590,PF-19165,Philip Fox,Consumer,626,2024-12-13
591,PF-19225,Phillip Flathmann,Consumer,614,2024-12-13
592,PG-18820,Patrick Gardner,Consumer,577,2024-12-13
593,PG-18895,Paul Gonzalez,Consumer,576,2024-12-13
594,PH-18790,Patricia Hirasaki,Home Office,180,2024-12-13
595,PJ-18835,Patrick Jones,Corporate,578,2024-12-13
596,PJ-19015,Pauline Johnson,Consumer,222,2024-12-13
597,PK-18910,Paul Knutson,Home Office,82,2024-12-13
598,PK-19075,Pete Kriz,Consumer,128,2024-12-13
599,PL-18925,Paul Lucas,Home Office,621,2024-12-13
600,PM-18940,Paul MacIntyre,Consumer,95,2024-12-13
601,PM-19135,Peter McVee,Home Office,149,2024-12-13
602,PN-18775,Parhena Norris,Home Office,169,2024-12-13
603,PO-18850,Patrick OBrill,Consumer,287,2024-12-13
604,PO-18865,Patrick ODonnell,Consumer,52,2024-12-13
605,PO-19180,Philisse Overcash,Home Office,290,2024-12-13
606,PO-19195,Phillina Ober,Home Office,53,2024-12-13
607,PP-18955,Paul Prost,Home Office,158,2024-12-13
608,PR-18880,Patrick Ryan,Consumer,576,2024-12-13
609,PS-18760,Pamela Stobb,Consumer,81,2024-12-13
610,PS-18970,Paul Stevenson,Home Office,395,2024-12-13
611,PS-19045,Penelope Sewall,Home Office,516,2024-12-13
612,PT-19090,Pete Takahito,Consumer,149,2024-12-13
613,PV-18985,Paul Van Hugh,Home Office,517,2024-12-13
614,PW-19030,Pauline Webber,Corporate,68,2024-12-13
615,PW-19240,Pierre Wener,Consumer,81,2024-12-13
616,QJ-19255,Quincy Jones,Corporate,82,2024-12-13
617,RA-19285,Ralph Arnett,Consumer,55,2024-12-13
618,RA-19885,Ruben Ausman,Corporate,141,2024-12-13
619,RA-19915,Russell Applegate,Consumer,538,2024-12-13
620,RA-19945,Ryan Akin,Consumer,410,2024-12-13
621,RB-19330,Randy Bradley,Consumer,450,2024-12-13
622,RB-19360,Raymond Buch,Consumer,239,2024-12-13
623,RB-19435,Richard Bierner,Consumer,40,2024-12-13
624,RB-19465,Rick Bensley,Home Office,372,2024-12-13
625,RB-19570,Rob Beeghly,Consumer,252,2024-12-13
626,RB-19645,Robert Barroso,Corporate,510,2024-12-13
627,RB-19705,Roger Barcio,Home Office,605,2024-12-13
628,RB-19795,Ross Baird,Home Office,79,2024-12-13
629,RC-19825,Roy Collins,Consumer,470,2024-12-13
630,RC-19960,Ryan Crowe,Consumer,149,2024-12-13
631,RD-19480,Rick Duston,Consumer,425,2024-12-13
632,RD-19585,Rob Dowd,Consumer,400,2024-12-13
633,RD-19660,Robert Dilbeck,Home Office,362,2024-12-13
634,RD-19720,Roger Demir,Consumer,80,2024-12-13
635,RD-19810,Ross DeVincentis,Home Office,71,2024-12-13
636,RD-19900,Ruben Dartt,Consumer,605,2024-12-13
637,RD-19930,Russell DAscenzo,Consumer,347,2024-12-13
638,RE-19405,Ricardo Emerson,Consumer,233,2024-12-13
639,RE-19450,Richard Eichhorn,Consumer,407,2024-12-13
640,RF-19345,Randy Ferguson,Corporate,346,2024-12-13
641,RF-19735,Roland Fjeld,Consumer,264,2024-12-13
642,RF-19840,Roy Französisch,Consumer,54,2024-12-13
643,RH-19495,Rick Hansen,Consumer,464,2024-12-13
644,RH-19510,Rick Huthwaite,Home Office,17,2024-12-13
645,RH-19555,Ritsa Hightower,Consumer,122,2024-12-13
646,RH-19600,Rob Haberlin,Consumer,187,2024-12-13
647,RK-19300,Ralph Kennedy,Consumer,81,2024-12-13
648,RL-19615,Rob Lucas,Consumer,123,2024-12-13
649,RM-19375,Raymond Messe,Consumer,590,2024-12-13
650,RM-19675,Robert Marley,Home Office,519,2024-12-13
651,RM-19750,Roland Murray,Consumer,53,2024-12-13
652,RO-19780,Rose OBrian,Consumer,424,2024-12-13
653,RP-19270,Rachel Payne,Corporate,621,2024-12-13
654,RP-19390,Resi Pölking,Consumer,53,2024-12-13
655,RP-19855,Roy Phan,Corporate,425,2024-12-13
656,RR-19315,Ralph Ritter,Consumer,343,2024-12-13
657,RR-19525,Rick Reed,Corporate,368,2024-12-13
658,RS-19420,Ricardo Sperren,Corporate,33,2024-12-13
659,RS-19765,Roland Schwarz,Corporate,131,2024-12-13
660,RS-19870,Roy Skaria,Home Office,287,2024-12-13
661,RW-19540,Rick Wilson,Corporate,619,2024-12-13
662,RW-19630,Rob Williams,Corporate,55,2024-12-13
663,RW-19690,Robert Waldorf,Consumer,519,2024-12-13
664,SA-20830,Sue Ann Reed,Consumer,11,2024-12-13
665,SB-20170,Sarah Bern,Consumer,55,2024-12-13
666,SB-20185,Sarah Brown,Consumer,54,2024-12-13
667,SB-20290,Sean Braxton,Corporate,241,2024-12-13
668,SC-20020,Sam Craven,Consumer,81,2024-12-13
669,SC-20050,Sample Company A,Home Office,217,2024-12-13
670,SC-20095,Sanjit Chand,Consumer,13,2024-12-13
671,SC-20230,Scot Coram,Corporate,620,2024-12-13
672,SC-20260,Scott Cohen,Corporate,52,2024-12-13
673,SC-20305,Sean Christensen,Consumer,81,2024-12-13
674,SC-20380,Shahid Collister,Consumer,109,2024-12-13
675,SC-20440,Shaun Chance,Corporate,75,2024-12-13
676,SC-20575,Sonia Cooley,Consumer,517,2024-12-13
677,SC-20680,Steve Carroll,Home Office,144,2024-12-13
678,SC-20695,Steve Chapman,Corporate,423,2024-12-13
679,SC-20725,Steven Cartwright,Consumer,54,2024-12-13
680,SC-20770,Stewart Carmichael,Corporate,441,2024-12-13
681,SC-20800,Stuart Calhoun,Consumer,445,2024-12-13
682,SC-20845,Sung Chung,Consumer,460,2024-12-13
683,SD-20485,Shirley Daniels,Home Office,348,2024-12-13
684,SE-20110,Sanjit Engle,Consumer,555,2024-12-13
685,SF-20065,Sandra Flanagan,Consumer,11,2024-12-13
686,SF-20200,Sarah Foster,Consumer,624,2024-12-13
687,SF-20965,Sylvia Foulston,Corporate,222,2024-12-13
688,SG-20080,Sandra Glassco,Consumer,362,2024-12-13
689,SG-20470,Sheri Gordon,Consumer,53,2024-12-13
690,SG-20605,Speros Goranitis,Consumer,127,2024-12-13
691,SG-20890,Susan Gilcrest,Corporate,443,2024-12-13
692,SH-19975,Sally Hughsby,Corporate,620,2024-12-13
693,SH-20395,Shahid Hopkins,Consumer,225,2024-12-13
694,SH-20635,Stefanie Holloman,Corporate,204,2024-12-13
695,SJ-20125,Sanjit Jacobs,Home Office,159,2024-12-13
696,SJ-20215,Sarah Jordon,Consumer,403,2024-12-13
697,SJ-20500,Shirley Jackson,Consumer,422,2024-12-13
698,SK-19990,Sally Knutson,Consumer,225,2024-12-13
699,SL-20155,Sara Luxemburg,Home Office,396,2024-12-13
700,SM-20005,Sally Matthias,Consumer,423,2024-12-13
701,SM-20320,Sean Miller,Home Office,121,2024-12-13
702,SM-20905,Susan MacKendrick,Consumer,219,2024-12-13
703,SM-20950,Suzanne McNair,Corporate,53,2024-12-13
704,SN-20560,Skye Norling,Home Office,348,2024-12-13
705,SN-20710,Steve Nguyen,Home Office,350,2024-12-13
706,SO-20335,Sean ODonnell,Consumer,620,2024-12-13
707,SP-20545,Sibella Parks,Corporate,54,2024-12-13
708,SP-20620,Stefania Perrino,Corporate,69,2024-12-13
709,SP-20650,Stephanie Phelps,Corporate,591,2024-12-13
710,SP-20860,Sung Pak,Corporate,410,2024-12-13
711,SP-20920,Susan Pistek,Consumer,348,2024-12-13
712,SR-20425,Sharelle Roach,Home Office,184,2024-12-13
713,SR-20740,Steven Roelle,Home Office,54,2024-12-13
714,SS-20140,Saphhira Shifley,Corporate,337,2024-12-13
715,SS-20410,Shahid Shariari,Consumer,211,2024-12-13
716,SS-20515,Shirley Schmidt,Home Office,289,2024-12-13
717,SS-20590,Sonia Sunley,Consumer,576,2024-12-13
718,SS-20875,Sung Shariari,Consumer,617,2024-12-13
719,ST-20530,Shui Tom,Consumer,182,2024-12-13
720,SU-20665,Stephanie Ulpright,Home Office,207,2024-12-13
721,SV-20365,Seth Vernon,Consumer,55,2024-12-13
722,SV-20785,Stewart Visinsky,Consumer,93,2024-12-13
723,SV-20815,Stuart Van,Corporate,482,2024-12-13
724,SV-20935,Susan Vittorini,Consumer,502,2024-12-13
725,SW-20245,Scot Wooten,Consumer,343,2024-12-13
726,SW-20275,Scott Williamson,Consumer,207,2024-12-13
727,SW-20350,Sean Wendt,Home Office,229,2024-12-13
728,SW-20455,Shaun Weien,Consumer,538,2024-12-13
729,SW-20755,Steven Ward,Corporate,52,2024-12-13
730,SZ-20035,Sam Zeldin,Home Office,266,2024-12-13
731,TA-21385,Tom Ashbrook,Home Office,54,2024-12-13
732,TB-21055,Ted Butterfield,Consumer,27,2024-12-13
733,TB-21175,Thomas Boland,Corporate,217,2024-12-13
734,TB-21190,Thomas Brumley,Home Office,518,2024-12-13
735,TB-21250,Tim Brockman,Consumer,450,2024-12-13
736,TB-21280,Toby Braunhardt,Consumer,87,2024-12-13
737,TB-21355,Todd Boyes,Corporate,408,2024-12-13
738,TB-21400,Tom Boeckenhauer,Consumer,619,2024-12-13
739,TB-21520,Tracy Blumstein,Consumer,277,2024-12-13
740,TB-21595,Troy Blackwell,Consumer,252,2024-12-13
741,TB-21625,Trudy Brown,Consumer,80,2024-12-13
742,TC-20980,Tamara Chand,Corporate,620,2024-12-13
743,TC-21145,Theresa Coyne,Corporate,49,2024-12-13
744,TC-21295,Toby Carlisle,Consumer,538,2024-12-13
745,TC-21475,Tony Chapman,Home Office,230,2024-12-13
746,TC-21535,Tracy Collins,Home Office,222,2024-12-13
747,TD-20995,Tamara Dahlen,Consumer,79,2024-12-13
748,TG-21310,Toby Gnade,Consumer,55,2024-12-13
749,TG-21640,Trudy Glocke,Consumer,360,2024-12-13
750,TH-21100,Thea Hendricks,Consumer,518,2024-12-13
751,TH-21115,Thea Hudgings,Corporate,81,2024-12-13
752,TH-21235,Tiffany House,Corporate,516,2024-12-13
753,TH-21550,Tracy Hopkins,Home Office,109,2024-12-13
754,TM-21010,Tamara Manning,Consumer,375,2024-12-13
755,TM-21490,Tony Molinari,Consumer,577,2024-12-13
756,TN-21040,Tanja Norvell,Home Office,577,2024-12-13
757,TP-21130,Theone Pippenger,Consumer,268,2024-12-13
758,TP-21415,Tom Prescott,Consumer,621,2024-12-13
759,TP-21565,Tracy Poddar,Corporate,457,2024-12-13
760,TR-21325,Toby Ritter,Consumer,42,2024-12-13
761,TS-21085,Thais Sissman,Consumer,148,2024-12-13
762,TS-21160,Theresa Swint,Corporate,293,2024-12-13
763,TS-21205,Thomas Seio,Corporate,197,2024-12-13
764,TS-21340,Toby Swindell,Consumer,54,2024-12-13
765,TS-21370,Todd Sumrall,Corporate,55,2024-12-13
766,TS-21430,Tom Stivers,Corporate,542,2024-12-13
767,TS-21505,Tony Sayre,Consumer,463,2024-12-13
768,TS-21610,Troy Staebel,Consumer,489,2024-12-13
769,TS-21655,Trudy Schmidt,Consumer,531,2024-12-13
770,TT-21070,Ted Trevino,Consumer,198,2024-12-13
771,TT-21220,Thomas Thornton,Consumer,518,2024-12-13
772,TT-21265,Tim Taslimi,Corporate,244,2024-12-13
773,TT-21460,Tonja Turnell,Home Office,577,2024-12-13
774,TW-21025,Tamara Willingham,Home Office,490,2024-12-13
775,TZ-21580,Tracy Zic,Consumer,578,2024-12-13
776,VB-21745,Victoria Brennan,Corporate,212,2024-12-13
777,VD-21670,Valerie Dominguez,Consumer,207,2024-12-13
778,VF-21715,Vicky Freymann,Home Office,252,2024-12-13
779,VG-21790,Vivek Gonzalez,Consumer,619,2024-12-13
780,VG-21805,Vivek Grady,Corporate,49,2024-12-13
781,VM-21685,Valerie Mitchum,Home Office,41,2024-12-13
782,VM-21835,Vivian Mathis,Consumer,19,2024-12-13
783,VP-21730,Victor Preis,Home Office,53,2024-12-13
784,VP-21760,Victoria Pisteka,Corporate,205,2024-12-13
785,VS-21820,Vivek Sundaresam,Consumer,517,2024-12-13
786,VT-21700,Valerie Takahito,Home Office,82,2024-12-13
787,VW-21775,Victoria Wilson,Corporate,578,2024-12-13
788,WB-21850,William Brown,Consumer,82,2024-12-13
789,XP-21865,Xylona Preis,Consumer,11,2024-12-13
790,YC-21895,Yoseph Carroll,Corporate,372,2024-12-13
791,YS-21880,Yana Sorensen,Corporate,587,2024-12-13
792,ZC-21910,Zuschuss Carroll,Consumer,518,2024-12-13
793,ZD-21925,Zuschuss Donatelli,Consumer,517,2024-12-13